Haiku text,Publication Name,Year,Month,Volume,Issue
staring / at a sheet of paper — / a night without words,Brussels Sprout,1993,,X,1
thank you for the gift of yourself unwrapped,Brussels Sprout,1993,,X,1
littering / the perfect lawn / a dead bird,Brussels Sprout,1993,,X,1
more painful / than the loss itself / your tiny voice / asking why,Brussels Sprout,1993,,X,2
the view / from my kitchen table: / breathtaking sunset / and a stack of unpaid bills,Brussels Sprout,1993,,X,2
among the cinders / a man clutching a dog / and a small winter coat,Brussels Sprout,1993,,X,2
my recurring daydream / projected / onto your silhouette,Brussels Sprout,1993,,X,2
military jet / carves a white scar / into the sky,Brussels Sprout,1993,,X,2
offsetting the bills / in my mailbox / a new renga link,Brussels Sprout,1993,,X,3
approaching storm / grey sky curling / into a fetal position,Brussels Sprout,1993,,X,3
my son's crayon self-portrait / crying for daddy,Brussels Sprout,1993,,X,3
on the mantlepiece / your porcelain eyes / staring through me,Brussels Sprout,1993,,X,3
divorce mediation / your tender caress / around my jugular vein,Brussels Sprout,1994,,XI,1
swapping family photos / with the prostitute,Brussels Sprout,1994,,XI,1
I stayed up all night / trying to dream about you,Brussels Sprout,1995,,XII,1
through the morning fog / velvet sun,Brussels Sprout,1995,,XII,1
palm trees swaying / in the snow / on my television,Brussels Sprout,1995,,XII,2
Tompkins Square: / an old man teaches Tai-Chi / to a crowd of pigeons,Brussels Sprout,1995,,XII,2
a small pair of eyes / in the woods / defying my headlights,Modern Haiku,1993,Summer,XXIV,2
shattering / the reflected moon / frog's lonely swim,Modern Haiku,1995,Winter,XXVI,1
right on time / she buys her morning coffee / and ignores my smile,Modern Haiku,1995,Fall,XXVI,3
"I am your nightmare, said the pillow",dadakuku,2025,May,,
Leonardo's face / as he finishes / the last crayon,dadakuku,2026,March,,
scarecrows don't,dadakuku,2026,July,,
guarding / the abandoned silver mine / a one-eyed cat,moongarlic,2015,May,,4
she tells me she's close — / that faraway look,moongarlic,2015,May,,4
wind chill advisory — / I show her / my death poems,moongarlic,2015,May,,4
returning my stare / the naked mannequin,moongarlic,2015,May,,4
the call for war — / I let it go / to voicemail,moongarlic,2016,May,,6
waning moon — / the doctor asks / how much I drink,moongarlic,2016,May,,6
brutally cold — / the killer's / mug shot,moongarlic,2016,May,,6
limestone quarry / nobody swims here / anymore,Prune Juice,2026,,,
without even trying / a garden filled / with dandelions,trash panda,2021,Summer,1,1
osprey nest / waiting for the kids / to move out,trash panda,2024,Winter,,6
marsh grass or ragweed? / it's all the same / to a summer breeze,trash panda,2024,Winter,,6
jet's shadow / trespassing / in the field below,frogpond,1993,Winter,XVI,2
stripper / yawning / rhythmically,frogpond,1994,Winter,XVII,4
improbable morning / your earrings / on my dresser,frogpond,1994,Winter,XVII,4
sitting by the window / the breeze shifts direction / from pizza to chow mein,frogpond,1995,Summer,XVIII,2
masked by tree branches / the street light / can only flicker,frogpond,1995,Summer,XVIII,2
November Sun — / a startled snowman / drops his pipe,frogpond,1995,Winter,XVIII,4
unable to escape / the subway station / of my dreams,frogpond,1995,Autumn,XVIII,3
distant church bells / punish / my Sunday hangover,frogpond,1995,Autumn,XVIII,3
a sudden gust — / yesterday's headline / crosses the street,frogpond,1996,May,XIX,1
overgrown / with dandelions / the fallout shelter,frogpond,1996,September,XIX,2
lazy July morning — / the steam from my coffee / has no place to go,frogpond,1997,September,XX,2
July afternoon — / the smell of lightning,frogpond,1997,September,XX,2
late July night / a blues guitar / sweltering,frogpond,1997,September,XX,2
thrift store countertop / several engagement rings / only slightly used,frogpond,1997,December,XX,3
lingering for a kiss... / the train leaves / right on time,frogpond,1997,December,XX,3
Harvard Square / the street musician's / shiny new guitar,frogpond,1998,,XXI,3
decorating / the bare white window frame / a ladybug,frogpond,2001,,XXIV,2
a Christmas card / unsigned — / winter solstice,frogpond,2017,,40,1
three jazz pianists / improvising / for ghosts,still,1999,,3,four
Veteran's Day rain — / an old man holds an umbrella / above the monument,still,1999,,3,four
crowded subway car / the smell of her hair,still,2000,,4,two
spring in the air — / caught in the web / of her fishnet stockings,still,2000,,4,two
bottle in hand / I dance / with the stars,still,2001,,5,one
hot summer night — / following a bead of sweat / between her breasts,still,2001,,5,three
restless night — / reaching for the pager / in my sleep,acorn,1998,Fall,,1
Monday morning / traffic jam — / slow steady rain,acorn,1998,Fall,,1
wrong turn / down a dead-end street / irises in bloom,acorn,1999,Fall,,3
winter rain / a snowman / bows his head,acorn,2000,Spring,,4
January rain / in the treetop a crow calls / to itself,acorn,2000,Spring,,4
vast desert sky / I may or may not / be lost,acorn,2023,Fall,,51
steady snowfall — / reading and re-reading / my daughter's letter,The Heron's Nest,2000,February,2,2
snow mixes with rain — / my mother keeps calling me / by my brother's name,The Heron's Nest,2001,April,3,4
my daughter's graduation — / a gull separates / from the rest of the flck,The Heron's Nest,2001,October,3,8
harvest moon — / the dog brings / a dirty sock to bed,The Heron's Nest,2001,December,3,10
preparing for war / a chipmunk chatters / from a low-hanging branch,The Heron's Nest,2001,December,3,10
fall colors — / my youngest son's / deep voic,The Heron's Nest,2004,December,6,11
news of her death — / winter moon descending / beyond the trees,The Heron's Nest,2005,February,7,Memorial
windless night — / so many leaves / at the foot of the tree,The Heron's Nest,2006,September,8,Memorial
September mist — / someone / I've lost,The Heron's Nest,2010,,10,Memorial
snow in the forecast — / some extra spice / in the jambalaya,The Heron's Nest,2012,June,12,2
January — / the gym crowded / with resolutions,The Heron's Nest,2012,June,12,2
the best-laid plans of mice in our attic,The Heron's Nest,2018,September,20,3
snow in the forecast / she asks me when I started / turning gray,The Heron's Nest,2018,September,20,3
lingering fog / a song / I can't quite remember,temps libres,2023,January,,
on either side / of the barbed wire fence / sunset,temps libres,2022,October,,
a rusty caboose / surrounded by sunflowers,temps libres,2022,September,,
total eclipse / Mom no longer / recognizes me,temps libres,2022,August,,
Independence Day / she's not wearing / a ring,temps libres,2022,July,,
the mourning after / washing the ashes / from my jeans,temps libres,2022,June,,
distant thunder / photos of my parents / in better times,temps libres,2021,October,,
autumn color / a prison work crew / in day-glo orange,temps libres,2021,October,,
Utopia Parkway / remembering / her red dragon tattoo,temps libres,2021,July,,
after the rain / seagulls return / to the lifeguard stand,temps libres,2021,June,,
piles of rubble / what is / and isn't war,temps libres,2021,May,,
Earth Day / muddy footprints / in the kitchen,temps libres,2021,April,,
end of the weekend / the difference between / mist and fog,temps libres,2021,April,,
equinox / an unmatched / sock,temps libres,2021,March,,
Cape Cod winter / starfish / on the window sill,temps libres,2021,March,,
lost in translation / my Spanish class / over Zoom,temps libres,2021,February,,
winter dusk / unopened bottles / of wine,temps libres,2021,February,,
continued cold / paper roses / in a vase,temps libres,2021,January,,
cold spaghetti / a stock broker explains / credit default swaps,temps libres,2021,January,,
gale warning / remembering when I last / did a backup,temps libres,2021,January,,
winter chill / I remember / my mother's birthday,temps libres,2021,January,,
dining in darkness / a thin slice / of the moon,temps libres,2020,December,,
prom night / a pair / of unmatched socks,temps libres,2020,December,,
first day of winter / a phone rings / unanswered,temps libres,2020,December,,
autumn colors / radar images / of an approaching storm,temps libres,2020,October,,
last day of summer / the dog lies down / in a patch of sun,temps libres,2020,September,,
quarantine day 186 / time to close / the windows again,temps libres,2020,September,,
early autumn / a bicycle helmet / filled with leaves,temps libres,2020,September,,
broken clouds / my mother won't / pick up the phone,temps libres,2020,August,,
quarantined / the dog barks / at nothing,temps libres,2020,August,,
farmer's market / all the essential oils / I don't need,temps libres,2020,August,,
cicadas / waiting for the aspirin / to kick in,temps libres,2020,June,,
police helicopter / let's talk about / something else,temps libres,2020,June,,
restless sleep / the buoy's / rusty bell,temps libres,2020,June,,
irises in bloom / the wail / of a distant train,temps libres,2020,June,,
herd immunity — / wild turkeys crossing / a busy highway,temps libres,2020,May,,
24-hour news / I can't stop looking / at the fire,temps libres,2020,May,,
pandemic life — / dandelion seeds / in the air,temps libres,2020,May,,
travel ban / a flock of geese / overhead,temps libres,2020,March,,
retirement plans / beach sands blowing / in the wind,temps libres,2020,March,,
self-quarantining / without fanfare / backyard Buddha,temps libres,2020,March,,
reluctant to fly away / the egret / and I,temps libres,2020,February,,
writer's block — / a ferry / stalled at the dock,temps libres,2020,January,,
industrial waste — / an otherwise great / guitar solo,temps libres,2020,January,,
northerly wind — / the shivering cord / of a flagpole,temps libres,2020,January,,
America first — / a line forms / for the taco truck,temps libres,2020,January,,
harvest moon — / a little boy's / first haircut,temps libres,2020,January,,
wolf moon — / the dog sniffs / every footprint,temps libres,2020,January,,
longest night — / we finish our wine / too quickly,temps libres,2019,December,,
high tide — / the smell of weed / by the docks,temps libres,2019,December,,
waning moon — / my mother pretends / to know who I am,temps libres,2019,December,,
house for sale — / dismantling / the wheelchair ramp,temps libres,2019,December,,
weekend traffic — / Canada geese / overhead,temps libres,2019,December,,
retirement plan — / tree pollen / floating in the wind,temps libres,2019,June,,
new moon — / the final / mortgage payment,temps libres,2019,June,,
flower moon — / last stop / of the bachelorette party,temps libres,2019,May,,
a discolored wall / where the mirror / used to be,temps libres,2019,May,,
Memorial Day — / a newly fallen / rain,temps libres,2019,May,,
ignoring the caution light / a pair of red-tailed hawks,temps libres,2019,May,,
double shift — / the cocktail waitress serves / a whiskey sour,temps libres,2018,November,,
end of summer — / one last bottle / of wine,temps libres,2018,September,,
empty subway station — / the accordian music pauses / between trains,temps libres,2018,September,,
sad news — / opening the windows / to let the chill out,temps libres,2018,June,,
far from Wall Street / a cormorant / dives,temps libres,2018,May,,
lingering clouds — / a stock market / sell-off,temps libres,2018,March,,
open house — / the hurried paint strokes / of the guest room,temps libres,2018,February,,
prairie winter — / clouds approach / the broken fence,temps libres,2018,February,,
blizzard warning — / wishing I hadn't seen / that black cat,temps libres,2018,January,,
unripe pomegranates — / all that's left / between us,temps libres,2017,November,,
morning thunder — / the garbage man's / early start,temps libres,2017,November,,
Day of the Dead — / my unshaved face / in the mirror,temps libres,2017,November,,
in the ruins / of a beach house / wild orchids bloom,temps libres,2017,October,,
equinox — / we split / the last beer,temps libres,2017,September,,
despite all my worry / the fragrance / of honeysuckle,temps libres,2017,September,,
gibbous moon — / all that's left / of summer,temps libres,2017,September,,
end of summer — / watching the Dow / fall,temps libres,2017,September,,
late summer chill — / a young man's / obituary,temps libres,2017,September,,
lightning — / her nightgown / comes off,temps libres,2017,August,,
sturgeon moon — / an ancient / burial site,temps libres,2017,August,,
heat wave — / she stops adjusting / her shoulder strap,temps libres,2017,July,,
windless night — / so many leaves / at the foot of the tree,temps libres,2017,July,,
approaching storm — / children playing / with matches,temps libres,2017,July,,
a final date — / mingling their ashes / in the lake,temps libres,2017,July,,
missing in action / the hollow eyes / of a veteran,temps libres,2017,May,,
spring sunshine — / another freckle / to kiss,temps libres,2017,May,,
dogwood blossoms — / an ultrasound / of my newest grandson,temps libres,2017,May,,
morning fog — / a second cup / of bad coffee,temps libres,2017,April,,
Good Friday — / dandelion seeds / in the wind,temps libres,2017,April,,
Good Friday — / an unexpected / phone call,temps libres,2017,April,,
a long conversation / about Mom — / slow soaking rain,temps libres,2017,January,,
Golden Globes — / the plunging necklines,temps libres,2017,January,,
news of her death — / winter moon descending / beyond the trees,temps libres,2016,December,,
restless night — / reaching for the pager / in my sleep,temps libres,2016,December,,
a break in the fog — / my daughter's / new address,temps libres,2016,November,,
death of a dictator — / the ebb and flow / of the sea,temps libres,2016,November,,
election eve — / driving home / in the dark,temps libres,2016,November,,
cactus flower — / I didn't realize / she knew my name,temps libres,2016,November,,
Day of the Dead — / walking into / a strong perfume,temps libres,2016,November,,
defying / the autumn gloom — / red maple,temps libres,2016,November,,
in the hollow stump / of the old tree / wild poppies bloom,temps libres,2016,November,,
deep autumn — / a row / of empty beach houses,temps libres,2016,October,,
hurricane watch — / the tall tree's shadow / over our house,temps libres,2016,October,,
hunter's moon — / she asks if I've found / what I needed,temps libres,2016,October,,
off-season — / the bartender / doesn't look up / from her phone,temps libres,2016,October,,
migrating geese — / nobody asks them / where they're from,temps libres,2016,October,,
troubled sleep — / sparks / from a high-tension wire,temps libres,2016,September,,
"summer haze — / somebody murmurs / ""Alzheimer's""",temps libres,2016,September,,
harvest moon — / her updated / relationship status,temps libres,2016,September,,
summer twilight — / the instructions / for my ashes,temps libres,2016,August,,
blood-tinted soil / where the sugar plantation / used to be,temps libres,2016,August,,
Walden Pond — / all parking lots / full,temps libres,2016,August,,
crowded train — / the bright glare / of her lipstick,temps libres,2016,August,,
hay moon — / the farmer's daughter / in heels,temps libres,2016,July,,
the enlightened man / wearing lipstick / on his collar,temps libres,2016,July,,
starless night — / the deep croak / of a bullfrog,temps libres,2016,July,,
thunderstorm — / a late-night / visitor,temps libres,2016,July,,
overcast night — / the mouse trap / snaps ,temps libres,2016,July,,
summer rain — / the garden gnome's / weary smile,temps libres,2016,July,,
threatening sky — / the hum / of a power line,temps libres,2016,July,,
roadside puddle / a street dog licks / the winter moon,temps libres,2016,July,,
impenetrable haze — / the other side / of the bridge,temps libres,2016,July,,
biker couple / covering their tattoos / with sunscreen,temps libres,2016,June,,
ocean view — / the old dog / on a leash,temps libres,2016,June,,
empty ferris wheel — / the last time / we kissed,temps libres,2016,June,,
crossing the border / without a passport — / great blue heron,temps libres,2016,June,,
strawberry moon — / the ribbon / in my granddaughter's hair,temps libres,2016,June,,
another meeting / swallowing / my cold coffee,temps libres,2016,June,,
in the rubble / of my childhood home / wildflowers,temps libres,2016,June,,
long weekend over / let the requiem / begin,temps libres,2016,May,,
honoring those who've served / by wearing camouflage / in front of the TV,temps libres,2016,May,,
guarding / the suburban lawn / a smiling Buddh,temps libres,2016,May,,
gibbous moon — / her unfinished / tattoo,temps libres,2016,May,,
Delta blues — / a bead of sweat / on my beer bottle,temps libres,2016,May,,
stationary front — / the same haiku / I wrote yesterday,temps libres,2016,May,,
invisible on radar / the lingering mist / between us,temps libres,2016,May,,
thunder clouds — / he tells me how many days / he's been sober,temps libres,2016,May,,
pink moon — / a taste / of what comes next,temps libres,2016,April,,
after the rain / my mother forgets / who I am,temps libres,2016,April,,
crowded café — / the barista misspells / my name,temps libres,2016,April,,
from a windowless room / the ocean view / on my screensaver,temps libres,2016,April,,
starless night — / my favorite pub loses / its liquor license ,temps libres,2016,April,,
cold spring rain — / where I buried / the puppies,temps libres,2016,April,,
black ice — / the doctor would like / to run more tests,temps libres,2016,April,,
new moon — / the darkness / within ,temps libres,2016,April,,
a mother's vigil — / the rhythm / of the ventilator,temps libres,2016,April,,
mezcal morning — / the church bells / out of sync,temps libres,2016,April,,
new construction — / chopping down / my childhood,temps libres,2016,April,,
"over Monday coffee / the conversation shifts to / ""The Walking Dead""",temps libres,2016,April,,
end of the weekend — / I finished that beer / too quickly,temps libres,2016,April,,
my retirement plan / the ripples / in a mud puddle,temps libres,2016,April,,
under candlelight / she tells me / about her scars,temps libres,2016,April,,
"""spring sleet"" / he hisses / through clenched teeth",temps libres,2016,April,,
city lights — / the glitter / of broken glass,temps libres,2016,April,,
St. Patrick's Day — / the first green buds / on the old tree,temps libres,2016,March,,
writer's block — / heating up / the leftovers,temps libres,2016,March,,
starless night — / I finish the wine / too quickly,temps libres,2016,March,,
melting snow — / the nurse searches / for a pulse,temps libres,2016,March,,
a neat pile / of all your letters / before I burn them,temps libres,2016,March,,
crickets / in imperfect / harmony,temps libres,2016,March,,
spring cleaning — / cropping her out / of a photograph,temps libres,2016,March,,
news of his relapse — / how slowly / the rain falls,temps libres,2016,March,,
moonless night — / apologies made / in the passive voice,temps libres,2016,March,,
early bird special — / at least fifty / shades of gray,temps libres,2016,March,,
snow flurries — / trying to remember / when I first turned gray,temps libres,2016,March,,
secluded highway — / we turn off / the radio,temps libres,2016,March,,
winter rain — / a birthday reminder / for a dead friend,temps libres,2016,March,,
stopping / for the fire truck / cicadas,temps libres,2016,March,,
waiting for the train / a huddled mass / of smartphones,temps libres,2016,February,,
morning meditation — / a steaming / manhole cover,temps libres,2016,February,,
winter rain — / the dog and I / exchange sighs,temps libres,2016,February,,
pure blue — / a broken / robin's egg,temps libres,2016,February,,
asleep at the wheel / the ghost cabbie / of my nightmares,temps libres,2016,February,,
gibbous moon — / she's not telling / the whole truth,temps libres,2016,February,,
two hour meeting — / shadows creep / across the table,temps libres,2016,February,,
frost on the windshield — / I remember how much / I drank last night,temps libres,2016,February,,
budget cuts — / a crescent moon / on the horizon,temps libres,2016,February,,
Ash Wednesday — / a dusting / of snow,temps libres,2016,February,,
police sirens — / another night / without the moon,temps libres,2016,February,,
final approach — / she pencils in / her eyebrows,temps libres,2016,January,,
melting snow — / an unfinished / haiku,temps libres,2016,January,,
the Dow falls — / rose petals / in the wind,temps libres,2016,January,,
between doses / of cough medicine / silence,temps libres,2016,January,,
snow flurries — / my unborn grandchild's / perfect fingers,temps libres,2016,January,,
stuck behind / a schoolbus — / thunderclouds,temps libres,2016,January,,
crescent moon — / leaning her head / against my shoulder,temps libres,2016,January,,
icy conditions — / another slide / on Wall Street,temps libres,2016,January,,
converting to condos / the nightclub / where we met,temps libres,2016,January,,
in a dark place / quietly fermenting / home brew,temps libres,2016,January,,
grafitti glistening in the flickering streetlight,temps libres,2016,January,,
new moon — / time to lose / the beard,temps libres,2016,January,,
emptying the wine bottle / another conversation / about Mom,temps libres,2016,January,,
my stock portfolio / puddles filled / with winter rain,temps libres,2016,January,,
occupying Wall Street / the ghosts / of my retirement dreams,temps libres,2016,January,,
that recurring dream / in which I pull the fire alarm / and run,temps libres,2016,January,,
epiphany — / Jesus and Mary / stopped at the border,temps libres,2016,January,,
epiphany — / the gift of a dead mouse / at the door,temps libres,2016,January,,
not softened / by sepia tones / images of war,temps libres,2016,January,,
first thaw — / someone should have warned / the daffodils,temps libres,2016,January,,
snow turns to rain — / wondering when / it all went wrong,temps libres,2015,December,,
war — / fathers / burying sons,temps libres,2015,December,,
domestic terrorism — / winter moths / at the door,temps libres,2015,December,,
harvest moon — / grass gone to seed / on the tennis court,temps libres,2015,December,,
huddled smokers — / another conversation / about the Cloud,temps libres,2015,November,,
hazard lights / through raindrops / October leaves,temps libres,2015,October,,
cold stethoscope — / I lie to the doctor / about my drinking,temps libres,2015,September,,
starless night — / I can’t believe / the weekend is over,temps libres,2015,June,,
after the rain / a puddle filled / with stars,temps libres,2015,June,,
abandoned school — / a soft breeze ripples / through the weeds,temps libres,2015,June,,
after the conference / pigeons feeding / on crumbs,temps libres,2015,June,,
still pond — / a dragonfly lands / on the moon,temps libres,2015,June,,
severe thunderstorm warning — / a murder / of crows,temps libres,2015,June,,
daylight fades — / my mother asks / the same question twice,temps libres,2015,June,,
end of the road — / three big dogs / with nothing to do,temps libres,2015,May,,
an oasis / in the Bible Belt — / adult book store,temps libres,2015,May,,
after the storm / the streets / have no name,temps libres,2015,February,,
early autumn —  / the golden highlights / in her green hair,temps libres,2015,February,,
half moon — something / I'm forgetting ,temps libres,2015,January,,
mixed precipitation — / a flat finish / on Wall Street,temps libres,2015,January,,
a long meeting ― / permanent marker / on the erasable whiteboard,temps libres,2015,January,,
sipping absinthe / the impressionist painting / of night,temps libres,2015,January,,
urban incense — / a steaming / manhole cover,temps libres,2015,January,,
sailing the seas / of my subconscious — / her fishnet stockings,temps libres,2015,January,,
cold snap — / the junkyard dog's / heavy chain,temps libres,2015,January,,
wolf moon — / I suddenly see her / in a different light,temps libres,2015,January,,
laundry day — / the search / for matching socks,temps libres,2014,December,,
Christmas leftovers — / my mother forgets / why she called,temps libres,2014,December,,
sudden chill — / a fresh layer of ice / on the fire escape,temps libres,2014,December,,
bad beer — / the stock market / goes flat,temps libres,2014,December,,
mixed precipitation — / she tells me I look good / for my age,temps libres,2014,December,,
enlightenment — / a police car / on fire,temps libres,2014,December,,
Thanksgiving night — / an empty parking lot / at the nursing home,temps libres,2014,November,,
Thanksgiving rain — / the unblinking eyes / of a shelter dog,temps libres,2014,November,,
Thanksgiving rain — / the dog / no one wanted,temps libres,2014,November,,
alone at the bar / the missing letters / in a neon light,temps libres,2014,November,,
new moon — / the doctor schedules / a biopsy,temps libres,2014,November,,
morning fog — / an empty bottle / of tequila,temps libres,2014,November,,
asleep / on the subway floor / the unknown soldier,temps libres,2014,November,,
Veteran's Day — / the old dog's / gray muzzle,temps libres,2014,November,,
Dia de los Muertos — / her elegant cheek bones,temps libres,2014,November,,
on a cold night / the hollow echo / of your voice,temps libres,2014,April,,
tornado watch — / now available / in HD,temps libres,2014,April,,
under attic dust / another unopened envelope,temps libres,2014,April,,
my daughter's birthday — / a child's balloon / above the clouds,temps libres,2014,April,,
spring mist — / my grandaughter cries / in my arms,temps libres,2014,April,,
a sudden chill — / my credit card / declined,temps libres,2014,April,,
Patriot's Day — / a homeless veteran's / weathered sign,temps libres,2014,April,,
dusk — / that song / still makes me cry,temps libres,2014,April,,
Holy Week — / three bare trees / against a gray sky,temps libres,2014,April,,
morning mist — / the fragrance / of strong coffee,temps libres,2014,April,,
bitter wine — / time for that conversation / about Mom,temps libres,2014,April,,
"the old oak tree / where we first kissed / marked with an ""X""",temps libres,2014,April,,
new photos / of my granddaughter — / crocuses in bloom,temps libres,2014,April,,
twilight — / she tells me she has / a spare toothbrush,temps libres,2014,April,,
crescent moon — / the fullness / of her hips,temps libres,2014,March,,
still pond — / koi swim / through the sky,temps libres,2014,March,,
tempest in a teapot — / my mother / serves me decaf,temps libres,2014,March,,
equinox — / an 18-wheeler crossing / the double yellow line,temps libres,2014,March,,
equinox — / splitting the last / of the wine,temps libres,2014,March,,
still wandering / the empty corridor — / cheap perfume,temps libres,2014,March,,
winter storm watch — / beware of falling / stock prices,temps libres,2014,February,,
empty terminal — / headline news / for ghosts,temps libres,2014,January,,
wolf moon — / the sway / of her hips,temps libres,2014,January,,
mid-winter thaw — / an unscratched / lottery ticket,temps libres,2014,January,,
crowded train — / a clash / of perfumes,temps libres,2014,January,,
new moon — / forgetting / old acquaintances,temps libres,2013,December,,
the blank page / learning nothing / from the pine,temps libres,2013,December,,
abandoned playground — / the graffiti / fades,temps libres,2013,December,,
first date — / trying not to talk / to her cleavage,temps libres,2013,December,,
crescent moon — / the dog sleeps / with one eye open,temps libres,2013,December,,
dusting off / the Christmas lights — / gibbous moon,temps libres,2013,December,,
cold coffee — / the crunch of a Christmas ball / under foot,temps libres,2013,December,,
her lips / beckoning mine — / highway billboard,temps libres,2013,December,,
snow flurries — / my unborn granddaughter's / heartbeat,temps libres,2013,December,,
darkening skies — / the final hours / of the weekend,temps libres,2013,November,,
the moon / and my wine glass / half full,temps libres,2013,November,,
town landfill — / old-timers / arguing politics,temps libres,2013,November,,
stock market report — / a stalled car / in the intersection,temps libres,2013,November,,
Day of the Dead — / all the leftover / Halloween candy,temps libres,2013,November,,
hunter's moon — / searching / for my keys,temps libres,2013,November,,
cold night — / I become / the dog's pillow,temps libres,2013,November,,
first snow — / an almost / perfect shave,temps libres,2013,November,,
fair-weather clouds — / an ultrasound / of my next grandchild,temps libres,2013,November,,
a true wonder of the world — / how she fills / her Grand Canyon t-shirt,temps libres,2013,July,,
unable to sleep / unable to stay awake — / a distant ocean,temps libres,2013,March,,
my rising blood pressure — / a vapor trail / in the sky,temps libres,2012,April,,
October dusk — / wishing I could see / just one more firefly,temps libres,2011,October,,
hot summer night — / the sizzle / of a broken sub-woofer,temps libres,2011,July,,
her long legs — / I walk right into / a spider web,temps libres,2011,May,,
loosening / the top button of her blouse / with my eyes,temps libres,2011,February,,
snow turns to rain — / the afterglow / of plow lights,temps libres,2011,January,,
snow day — / more white than I remember / in my beard,temps libres,2010,December,,
footprints in the snow / words / I can't take back,temps libres,2010,December,,
New London winter — / the gleam of pleasure boats / wrapped in plastic,temps libres,2010,December,,
winter chill — / shredded plastic / in a barbwire fence,temps libres,2010,December,,
lazy midtown morning — / another layer of paint / on the rusty fire escape,temps libres,2010,December,,
lazy midtown morning — / do those green copper gargoyles / feel the cold?,temps libres,2010,December,,
first of December — / the darkness / before dawn,temps libres,2010,December,,
first of December — / police tape clinging / to a burned-out barn,temps libres,2010,December,,
first of December — / another cold cup / of coffee,temps libres,2010,December,,
winter clouds — / my gray hair / grayer,temps libres,2010,December,,
December rain — / the long night / longer,temps libres,2010,December,,
a break in the clouds — / my third cup of coffee / grows cold,temps libres,2010,November,,
clear skies — / a solitary crow / on a high-voltage wire,temps libres,2010,November,,
November dusk — / do the streetlights know / how early it is?,temps libres,2010,November,,
November dusk — / the warmth / of a familiar song,temps libres,2010,November,,
overcast — / just one more game / of solitaire,temps libres,2010,November,,
more rain — / a mouse trapped / between walls,temps libres,2010,November,,
new moon — / an abandoned car / on lover's lane,temps libres,2010,October,,
new moon — / a missing / mouse trap,temps libres,2010,October,,
new moon — / the mouse in the ceiling / awakens,temps libres,2010,October,,
autumn equinox — / my baseball glove / right where I left it,temps libres,2010,September,,
sudden chill — / an empty bird feeder / outside the nursing home,temps libres,2010,July,,
"waning moon — / a hand-printed sign reads: / ""lost dog""",temps libres,2010,July,,
stifing heat — / our new neighbors' / argument,temps libres,2010,July,,
heat wave — / the dog moves slowly / from shadow to shadow,temps libres,2010,July,,
restless night — / a tree frog / in and out of tune,temps libres,2010,July,,
morning haze — / one light rinse of the coffee cup / is enough,temps libres,2010,June,,
Memorial Day — / stars obscured / by distant smoke,temps libres,2010,June,,
red dragonfly — / my newest granddaughter's / tiny fingers,temps libres,2010,June,,
June cold snap / the next-door neighbor's / house for sale,temps libres,2010,June,,
after the rain / a light on in the basement / of an empty house,temps libres,2010,June,,
finally Friday — / the dog so attentive / around the grill,temps libres,2010,May,,
cold April rain — / I no longer remember / your name,temps libres,2010,April,,
cold April rain — / my daughter's birthday / on another continent,temps libres,2010,April,,
cold April rain — / the sediment / at the bottom / of a wine glass,temps libres,2010,April,,
going out of business — / the naked mannequin's / Mardi Gras beads,temps libres,2010,March,,
caffeine buzz — / snow in the forecast / somewhere else,temps libres,2010,February,,
moonless night — / an ambulance speeds by / with its lights out,temps libres,2010,February,,
moonless night — / an empty can / of whipped cream,temps libres,2010,February,,
moonless night — / pulling the dog / from shadow to shadow,temps libres,2010,February,,
too wired to sleep / too tired to dream / winter wind,temps libres,2010,February,,
crowded train — / her perfect lips / pierced,temps libres,2010,February,,
autumn rain — / the warmth of one too many / glasses of wine,temps libres,2010,January,,
wolf moon — / the dog / won't come in,temps libres,2010,January,,
blue moon — / I wonder where my children / are tonight?,temps libres,2010,January,,
bitter cold — / even the Christmas lights / seem to shiver,temps libres,2009,December,,
December rain — / a phone call / from my son,temps libres,2009,December,,
December rain — / a deer tail / and then nothing,temps libres,2009,December,,
April overcast — / my son turns twenty / in Iraq,temps libres,2009,May,,
March — / a broken umbrella / crosses the street,temps libres,2007,March,,
deep winter — / a stray dog sniffs / an empty coffee cup,temps libres,2007,February,,
late train — / all the highlighted passages / in his bible,temps libres,2007,January,,
one week before Christmas / a three-legged dog / sniffs the trash,temps libres,2006,December,,
crowded train — / the drunk offers me his seat / for five dollars,temps libres,2006,December,,
the trainyard at dawn — / new graffiti / on an old caboose,temps libres,2006,December,,
equinox — / two limes / in my margarita,temps libres,2006,November,,
Veteran's Day — / a frightened dog / at the animal shelter,temps libres,2006,November,,
twilight — / I direct a stranger / to the wrong train,temps libres,2006,October,,
Valentine's Day — / awakened by a kiss / from the dog,temps libres,2005,February,,
burning leaves — / Kerry concedes / the election,temps libres,2004,November,,
rumors of war — / removing decorations / from the Christmas tree,temps libres,2003,January,,
dirty snow / the conductor flirts / with school girls,temps libres,2002,December,,
troubled sleep — / steam rises / from a storm sewer,temps libres,2002,November,,
my daughter's 18th birthday — / the warming sunshine / in her hair,temps libres,2002,September,,
Wall Street watch — / the unnerving plunge / of her neckline,temps libres,2002,July,,
stood up / by a part-time lover — / shooting star,temps libres,2002,July,,
orthopedist's office — / all paintings tilted / slightly off center,temps libres,2002,June,,
afghan invasion — / the dog / on my side of the bed,temps libres,2001,October,,
approaching storm — / my twelve year old's fascination / with war,temps libres,2001,October,,
Autumn colors — / the receptionist's / bright red hair,temps libres,2001,October,,
first frost — / I trim / my graying beard,temps libres,2001,October,,
three shades too dark / the lipstick / on his collar,temps libres,2001,October,,
a familiar name / on the victims list — / my coffee grows cold,temps libres,2001,September,,
between / silent construction cranes / the Milky Way,temps libres,2001,September,,
the end of summer — / my light beer / suddenly darker,temps libres,2001,August,,
my daughter starts college — / another empty / pint of beer,temps libres,2001,August,,
first day of vacation — / shooting star / on a moonless night,temps libres,2001,August,,
train running late / an ant climbs / the station wall,temps libres,2001,August,,
planning our trip / lightning flashes / beyond the horizon,temps libres,2001,August,,
dangerous lightning — / she watches me / watching her,temps libres,2001,July,,
unhooking her bra / the moon peeks / over the treetops,temps libres,2001,July,,
distant thunder — / a shower of pollen / falls from the trees,temps libres,2001,July,,
the haze lifts — / she tosses her hair / over her shoulder,temps libres,2001,July,,
my daughter's graduation / tightening the knot / on my necktie,temps libres,2001,June,,
crowded train station — / the tap tap thump / of a blind man's cane,temps libres,2001,June,,
mist turns to rain / our cat's last day,temps libres,2001,May,,
staring at me / from the bathroom mirror / an age spot,temps libres,2001,May,,
my son's twelfth birthday / a rabbit hops / across a busy street,temps libres,2001,April,,
sunny spring day / walking through a cloud / of perfume,temps libres,2001,April,,
the train arrives / one more sip / from an empty cup of coffee,temps libres,2001,April,,
wedding night / the parents of the bride / in separate beds,temps libres,2001,April,,
energy crisis — / a long line / at the coffee shop,temps libres,2001,March,,
Ash Wednesday — / the priest / lights a cigarette,temps libres,2001,February,,
where dirty snow / meets road salt / a dozen roses,temps libres,2001,February,,
after so many thorns / a rare and perfect rose,temps libres,2001,February,,
snow mixes with rain — / my mother keeps calling me / by my brother's name,temps libres,2001,January,,
away on business — / the restless cat / on your side of the bed,temps libres,2001,January,,
lunch hour — / the automatic teller machine / eats my card,temps libres,2000,December,,
staring at her neckline / the deep plunge / of the NASDAQ,temps libres,2000,November,,
the NASDAQ falls — / moss clings / to a weathered tombstone,temps libres,2000,September,,
troubled sleep — / steam rises / from a storm sewer,temps libres,2000,September,,
commuter daydream — / I follow the slit in her skirt / into oncoming traffic,temps libres,2000,August,,
her well-tanned shoulders / wrapped in a sweater — / the end of summer,temps libres,2000,August,,
asleep on the train / the gentle rise and fall / of her breasts,temps libres,2000,June,,
first date — / trying not to talk / to her cleavage,temps libres,2000,May,,
tent revival — / the preacher's wife / in a miracle bra,temps libres,2000,May,,
Mass Pike traffic / the bright red glare / of her lipstick,temps libres,2000,May,,
reflecting / the graffiti landscape / Soho rain,temps libres,2000,May,,
my son's eleventh birthday — / miles of cold rain / between us,temps libres,2000,April,,
in the produce aisle / a voluptuous woman / compares melons,temps libres,2000,March,,
market forecast: record warmth / followed by rain,temps libres,2000,March,,
bitterly cold / a box of old love letters / hidden in the attic,temps libres,2000,January,,
after four hours of sleep / light snow fills / an empty cup,temps libres,2000,January,,
rural tavern / a cold draft / in every corner,Puddock,2024,July,,
yoga practice / willow branches / touch the ground,Puddock,2024,July,,
Zen / backyard Buddha / wants nothing to do with it,Puddock,2024,July,,
meanwhile / on Capitol Hill / a mud puddle freezes over,Puddock,2024,July,,
troubled sleep — / a mosquito flies / from one nightmare / to the next,Puddock,2024,July,,
silent dusk / and to think / I could have run away / and joined the circus,Puddock,2024,July,,
her 88th birthday / my mother insists / she's 87,Failed Haiku,2020,March,,
starless night — / the dog sees something / I don't,Failed Haiku,2020,March,,
in a closed conference room / talk of migration / to the cloud,Failed Haiku,2020,March,,
border cantina / the quintessence / of dust,Bones,2023,October,,26
mercurial breeze / leaving me / with the check,Bones,2023,October,,26
another day / of not knowing / what day it is,Bones,2023,October,,26
a twinge in my back / how much snow / will I shovel this year?,Pulse,2025,January,,
waiting room / a goldfish / watches me,Pulse,2025,April,,
pale winter sky — / the honors student who never / raises his hand,Triveni Haikai India,2023,December,,
snow flurries — / my unborn granddaughter's / heartbeat,Manichi Haiku Daily ,2024,March,,
spring at last — / the vibrant colors / of fresh graffiti,MacQueen's Quinterly,2020,July,,
hiding / behind the bushes / rabbit moon,Haiku Scout,2015,June,,4
Monday morning traffic — / a slug / crosses the patio,Haiku Scout,2015,July,,9
hot night ― / unwilling to surrender / to sleep,Haiku Scout,2015,August,,12
tall grass / subdued / by drops of rain,Rose Mallow,1995,,,23
manhole cover / offering incense / to the skyscraper sky,Rose Mallow,1995,,,23
peach blossom / burst of velvet sun,Rose Mallow,1995,,,23
ocean waves caressing / hearts drawn in the sand,Rose Mallow,1995,,,23
driving through the fog / my grandmother / forgets my name,Rose Mallow,1995,,,23
shattering / the reflected moon / frog's lonely swim,Rose Mallow,1995,,,23
first day of spring — / still dreaming / of apple blossoms,Rose Mallow,1995,,,24
my red wool scarf / all that's left / of the mighty snowman,Rose Mallow,1995,,,24
along the graveyard fence / a little girl picks daisies,Rose Mallow,1995,,,24
on this warm March day / the trees are crying / for their leaves,Rose Mallow,1995,,,24
night fades into day / the chef still stirring / his blackened wok,Rose Mallow,1995,,,24
beyond the locked door / an ambush awaits — / a dozen white roses,Rose Mallow,1995,,,24
so many things to do today — / snow falling from a tree,Rose Mallow,1995,,,24
masked by tree branches / the streetlight / can only flicker...,Rose Mallow,1995,,,24
sparrows / erupt from the trees — / the sound of thunder,Rose Mallow,1995,,,25
through the fingerprints / on my window — / cloudless blue sky,Rose Mallow,1995,,,25
spotting the deer / a butterfly perches / on my rifle barell,Rose Mallow,1995,,,25
the shadows return — / locusts fall asleep / one by one,Rose Mallow,1995,,,25
a hawk circles above / stalking / rush hour traffic,Rose Mallow,1995,,,25
outdoor concert: / a lonely pigeon / answers the oboe,Rose Mallow,1995,,,25
a well-hit softball / shatters / my Sunday nap,Rose Mallow,1995,,,25
after the storm / a shroud / of dogwood blossoms,Rose Mallow,1995,,,25
after the storm / the locusts' song / replaced by sirens,Rose Mallow,1995,,,25
far from my grasp / is this the summer's / last butterfly?,Rose Mallow,1995,,,26
outside my office window / a giant hawk soars — / telephone rings unanswered,Rose Mallow,1995,,,26
perched on my balcony / I mimick / the mockingbird,Rose Mallow,1995,,,26
my sparrow friend / never quite eating / from my hand,Rose Mallow,1995,,,26
in a field of clover / a rabbit hides — / my son's first day of school,Rose Mallow,1995,,,26
my son's toy phone / packed in my luggage again — / a long winter night,Rose Mallow,1995,,,26
my son waves goodbye / the window streaming / with winter rain,Rose Mallow,1995,,,26
winter chill / my two warring cats / snuggling in their sleep,Rose Mallow,1995,,,26
under the shadow / of a sudden cloud / the cicadas are silent,Rose Mallow,1996,,,27
overgrown / with dandelions / the fallout shelter,Rose Mallow,1996,,,27
a sudden gust — / yesterday's headline / crosses the street,Rose Mallow,1996,,,27
performance over / the street mime's smile / on a handkerchief,Rose Mallow,1996,,,27
long nights at the bar / drinking cold ale / to stay warm,Rose Mallow,1996,,,27
Sunday morning / the subway entrance / crowded with pigeons,Rose Mallow,1996,,,27
late for dinner / I stare at the clouds / waiting for rain,Rose Mallow,1996,,,27
early morning snow / an extra sugar / in my coffee,Rose Mallow,1996,,,27
overcast sky — / soaring over empty sands / the seagull's cry,Rose Mallow,1996,,,28
winter sunset — / the deepening amber / of this bitter ale,Rose Mallow,1996,,,28
California night — / feeling / the absence of trains,Rose Mallow,1996,,,28
from his cage / a mourning dove calls / into the night,Rose Mallow,1996,,,28
hazy morning / church bells / slightly off-key,Rose Mallow,1996,,,28
starless night / my son's / long-distance tears,Rose Mallow,1996,,,28
all night / your angry words / and the spring storm wind,Rose Mallow,1996,,,28
morning sun — / palm leaves / cling to dew,Rose Mallow,1996,,,28
harsh winter — / an old man / straightens a tombstone,Rose Mallow,1996,,,29
spring snow / on your cheek — / soft to the touch,Rose Mallow,1996,,,29
you finally arrive / through my open window / — jasmine,Rose Mallow,1996,,,29
Minnesota morning — / jasmine blossoms / coated with frost,Rose Mallow,1996,,,29
somewhere / beyond all this rain / the moon's seas,Rose Mallow,1996,,,29
in a strange town / coldly waiting for the train / with pigeons,Rose Mallow,1996,,,29
clutching my coffee — / train graffiti overwhelms / the summer sunrise,Rose Mallow,1996,,,29
end of summer — / an old dog chases a cat / in his sleep,Rose Mallow,1996,,,29
late autumn color / fresh graffiti / on the train station wall,Rose Mallow,2000,,,43
October commute / racing the darkness / home,Rose Mallow,2000,,,43
the junkyard at night / a hubcap filled / with rainwater and stars,Rose Mallow,2000,,,43
a steady snowfall — / reading and re-reading / my daughter's letter,Rose Mallow,2000,,,43
Christmas eve / I hold the bus / for Santa,Rose Mallow,2000,,,43
April afternoon — / the snow disappears / into jazz,Rose Mallow,2000,,,43
baseball season ends — / a pile of golden leaves/ scattered by the wind,Rose Mallow,2000,,,43
after four hours of sleep / light snow fills / an empty cup,Rose Mallow,2000,,,44
the pager sounds — / seagulls circling / above the sunrise,Rose Mallow,2000,,,44
moonless night / footprints filled / with melted snow,Rose Mallow,2000,,,44
bitterly cold / the dog barks / all night long,Rose Mallow,2000,,,44
in the afterglow / reaching / for the cat,Rose Mallow,2000,,,44
sleepless night / the bakery window's / thickening mist,Rose Mallow,2000,,,44
restless night — / the green eyes / of the cat,Rose Mallow,2000,,,44
planning my vacation / a button missing / from my shirt,Rose Mallow,2000,,,45
starless night / my children forget / to wave goodbye,Rose Mallow,2000,,,45
almost April / so many tree branches / without words,Rose Mallow,2000,,,45
mid-winter thaw / the run / in her stocking,Rose Mallow,2000,,,45
bedroom renovation / the sound / of the woodpecker,Rose Mallow,2000,,,45
a day of meetings — / a housefly trapped / between panes of glass,Rose Mallow,2000,,,45
waiting for the school bus / line after line / of freshly mowed grass,Rose Mallow,2000,,,45
in the waiting room / a goldfish / watches me,Rose Mallow,2001,,,48
approaching storm — / a cloud / of seagulls,Rose Mallow,2001,,,48
I tell you / I'll love you forever — / a coconut falls,Rose Mallow,2001,,,48
Spring snow — / an expectant mother rests / her hands on her belly,Rose Mallow,2001,,,48
between / sleeping commuters / sunrise,Rose Mallow,2001,,,48
sunset... / the pale white flesh / beneath the wedding ring,Rose Mallow,2001,,,48
away on business — / the restless cat / on your side of the bed,Rose Mallow,2001,,,48
full moon — / so lonely / on a starless night,Rose Mallow,2001,,,49
the pond at midnight — / a dragonfly / lands on the moon,Rose Mallow,2001,,,49
through the blinds / slivers / of full moon,Rose Mallow,2001,,,49
cricket's song / penetrates / the moonless mist,Rose Mallow,2001,,,49
swirling / with each oar stroke / the moon's reflection,Rose Mallow,2001,,,49
drinking alone — / pale moon / in a starless sky,Rose Mallow,2001,,,49
lonely night — / do my children see / this same blurred moon?,Rose Mallow,2001,,,49
overnight freeze — / waiting for news / about Grandma,Rose Mallow,2002,,,51
morning thaw — / a voice on the phone tells me / that Grandma is gone,Rose Mallow,2002,,,51
sliding on an ice patch / I daydream / about baseball,Rose Mallow,2002,,,51
funeral mass — / an elderly priest / awakens to incense,Rose Mallow,2002,,,51
South Station — / everyone ignores the crazy man / except the pigeons,Rose Mallow,2002,,,51
the dog sleeps / the drunks howl — / midwinter night,Rose Mallow,2002,,,51
balancing my portfolio / I spill coffee / everywhere,Rose Mallow,2002,,,51
after the storm / a hubcap / filled with stars,Rose Mallow,2002,,,52
bending / to pick a rose — / the sudden pain,Rose Mallow,2002,,,52
the last curl unfurls / from my daughter's perm — / low-lying clouds,Rose Mallow,2002,,,52
sunny spring day / walking through a cloud / of perfume,Rose Mallow,2002,,,52
spring thaw / each footstep / deepens,Rose Mallow,2002,,,52
disappearing / into a cloudless sky / a child's balloon,Rose Mallow,2002,,,52
midwinter thaw — / a cautious smile / from a stranger,Rose Mallow,2002,,,52
beyond / the unopened gate / wind-blown snow,Rose Mallow,2003,,,55
December rain — / wondering where / the gray squirrels hide,Rose Mallow,2003,,,55
New Year's morning / fresh snow / fills the potholes,Rose Mallow,2003,,,55
Christmas Eve — / a mouse stirs / and sets off the trap,Rose Mallow,2003,,,55
shoveling snow / I whistle / a Beach Boys tune,Rose Mallow,2003,,,55
where Christmas presents / had been — / dried pine needles,Rose Mallow,2003,,,55
rumors of war — / removing decorations / from the Christmas tree,Rose Mallow,2003,,,55
continued cold / the oil delivery man / apologizes,Rose Mallow,2003,,,56
waiting for x-rays / the spot on my glasses / won't come off,Rose Mallow,2003,,,56
ready for battle / the dog chokes / on its leash,Rose Mallow,2003,,,56
preparing for war — / a dog barks / at its own echo,Rose Mallow,2003,,,56
bombs over Baghdad — my sleep is disturbed / by a chirping pager,Rose Mallow,2003,,,56
another war / the full moon disappears / into fog,Rose Mallow,2003,,,56
April Fool's Day — / the City is besieged / by another cold snap,Rose Mallow,2003,,,56
two fenced-in flower beds / filled with weeds — / her chronic pain,Rose Mallow,2003,,,58
Sunday morning / the old dog / takes his time,Rose Mallow,2003,,,58
wild daisy / the tattoo / on her bare belly,Rose Mallow,2003,,,58
blues festival — / a dragonfly dances / above the treetops,Rose Mallow,2003,,,58
game-winning home run / the crickets / fall silent,Rose Mallow,2003,,,58
fog / skyscraper / meets sky,Rose Mallow,2003,,,58
"the canvas's emptiness / under her arm, she boards / the subway car",Rose Mallow,2003,,,58
the old cathedral — / a baby shouts / at her own echo,Rose Mallow,2004,,,59
winter night — / the crunch of road salt / beneath my boots,Rose Mallow,2004,,,59
trouble sleep / the sound / of freezing rain,Rose Mallow,2004,,,59
startled from sleep / a dog barks / at the wind,Rose Mallow,2004,,,59
winter rain — / the echo of a blues guitar / in an empty club,Rose Mallow,2004,,,59
howling wind / bounced email / from a deceased friend ,Rose Mallow,2004,,,59
restless night — / a bare branch / scratches the shutter,Rose Mallow,2004,,,59
restless night / the cat keeps chasing you / from my dreams,Rose Mallow,2004,,,60
unable to sleep / unable to stay awake / a distant freight train,Rose Mallow,2004,,,60
the Dow drops / but mother spider / keeps spinning her web,Rose Mallow,2004,,,60
so light in my hand / I imagine him flying — / the dead bird,Rose Mallow,2004,,,60
approaching storm — / a spider web / shmmers in the breeze,Rose Mallow,2004,,,60
tough day at work — / I rescue a fly / from a spider web,Rose Mallow,2004,,,60
cold snap — / a spider fights me / for the first log,Rose Mallow,2004,,,60
darkening skies — / the sidewalk littered / with lottery tickets,Rose Mallow,2004,,,61
above the bare trees / winter storm clouds / the size of my fist,Rose Mallow,2004,,,61
sudden rain shower — / the fireflies / grow dim,Rose Mallow,2004,,,61
too sad / for a nursery rhyme / May showers,Rose Mallow,2004,,,61
approaching storm / the sky darkens / with crows,Rose Mallow,2004,,,61
summer storm clouds / the air thickens / with silence,Rose Mallow,2004,,,61
gazing into an open field / a daydream of trains,Rose Mallow,2004,,,61
high-tension wire — / a crow calls / to itself,Rose Mallow,2004,,,62
first day of school — / a hornet's nest / at the bus stop,Rose Mallow,2004,,,62
first frost — / my father speaks of himself / in the past tense,Rose Mallow,2004,,,62
slow blues / a bead of sweat / that just won't fall,Rose Mallow,2004,,,62
Fall colors — my youngest son's / deep voice,Rose Mallow,2004,,,62
"late summer chill / the ""Deer Crossing"" sign / riddled with bullets",Rose Mallow,2004,,,62
Family Court — / my wedding band / sets off the metal detector,Rose Mallow,2004,,,62
winter thaw — our dog finds a hole / in the fence,Rose Mallow,2005,,,63
snow in the forecast / the cemetery / grows grayer,Rose Mallow,2005,,,63
morning commute — / a freshly spun / spider web,Rose Mallow,2005,,,63
news of her pregnancy — / a candle flickers / in the draft,Rose Mallow,2005,,,63
raking leaves — / all the apologies / I've never made,Rose Mallow,2005,,,63
December sun — / two snow angels / holding hands,Rose Mallow,2005,,,63
Thanksgiving — / my vegetarian daughter / passes the turkey,Rose Mallow,2005,,,63
spring frost — / I call an acquaintance / by the wrong name,Rose Mallow,2005,,,64
spring in the air — / a lunch date / with the pigeons,Rose Mallow,2005,,,64
winter moon — / the smell / of burning pine,Rose Mallow,2005,,,64
Valentine's Day — / awakened by a kiss / from the dog,Rose Mallow,2005,,,64
Tax Day — / the dog eats / only half her meal,Rose Mallow,2005,,,64
rain turns to mist — / I forget the name / of my first love,Rose Mallow,2005,,,64
warm April day — / my dog is pre-approved / for a credit card,Rose Mallow,2005,,,64
heat wave — / the conductor / punches my ticket / twice,Rose Mallow,2005,,,66
heightened security — / fresh seagull droppings / on my windshield,Rose Mallow,2005,,,66
my daughter's wedding day — / a child's balloons / float away,Rose Mallow,2005,,,66
dead of summer — / a spider dangles / from the windchimes,Rose Mallow,2005,,,66
bright sunshine — / the homeless man's / brand new boots,Rose Mallow,2005,,,66
cloudless summer sky — / an old woman's stare,Rose Mallow,2005,,,66
crowded train — / one more stranger / between us,Rose Mallow,2005,,,66
gibbous moon — / the dog's eyes / widen,Rose Mallow,2006,,,67
killer frost — / the snap / of a mouse trap,Rose Mallow,2006,,,67
December — / the glow of a cigarette / in the alley way,Rose Mallow,2006,,,67
November chill — / shredded grocery bags / hanging in a tree,Rose Mallow,2006,,,67
"New Year's Eve traffic — / the sign says / ""seek alternate route""",Rose Mallow,2006,,,67
stars — / the sound / of bare branches,Rose Mallow,2006,,,67
winter thaw — the snowman's / muddy cheeks,Rose Mallow,2006,,,67
spring snow — / the poet hunkers down / at the end of the bar,Rose Mallow,2006,,,68
writer's block — / a kite / caught in a tree,Rose Mallow,2006,,,68
first day of Spring — / cigarette butts at the bottom / of the snow pile,Rose Mallow,2006,,,68
almost easter / the faceless mannequin wears / a pretty pink dress,Rose Mallow,2006,,,68
filing my taxes — / dandelion seeds / in the air,Rose Mallow,2006,,,68
stiff March wind — / remembering Grandpa / died at my age,Rose Mallow,2006,,,68
signs of spring — / fresh graffiti / on a downtown train,Rose Mallow,2006,,,68
azalea blossoms — / my daughter asks a question / about diamonds,Rose Mallow,2006,,,69
summer dusk — / a hornet's nest / in the butterfly house,Rose Mallow,2006,,,69
May fog — / the echoes / of my footsteps,Rose Mallow,2006,,,69
lightning strike — / a dead mosquito / on the back of my hand,Rose Mallow,2006,,,69
ragweed — / the new boss / forgets my name,Rose Mallow,2006,,,69
cicadas — / my unborn grandchild's / heartbeat,Rose Mallow,2006,,,69
morning thunder — / all the blankets / on her side of the bed,Rose Mallow,2006,,,69
heat wave — / sweat clings to the neck / of my beer bottle,Rose Mallow,2006,,,70
waiting room — / so many smiling faces / on the magazine rack,Rose Mallow,2006,,,70
Labor Day... / I sleep / 'til noon,Rose Mallow,2006,,,70
open mic — / the words shake / in my hands,Rose Mallow,2006,,,70
our eighth anniversary — / the dog lies down / between us,Rose Mallow,2006,,,70
first day of school — / a soccer ball / crosses the street,Rose Mallow,2006,,,70
harvest moon — / a shoping cart / full of beer cans,Rose Mallow,2006,,,70
hot summer morning — / sharing my breakfast / with ants,Boston Globe,2016,August,,
twilight / I direct a stranger / to the wrong train,tinywords,2007,January,,7
hunter's moon — / the tension at the end / of the dog's leash,tinywords,2007,October,,7
in a dream / the apology / I never gave,tinywords,2016,October,16,2
on the battered pier / old men / fishing for ghosts,tinywords,2016,November,16,2
smooth jazz / the bar stools / stashed away,tinywords,2024,February,23,2
overcast sky — / soaring over empty sands / the seagull's cry,voice of the peeper,1999,February,,
restless night — / reaching for the pager / in my sleep,voice of the peeper,1999,February,,
waiting for the train / the street musician / out of tune,voice of the peeper,1999,February,,
decorating / the bare white window frame / a ladybug,voice of the peeper,1999,February,,
the still pond — / tossing a stone / I shatter the moon,voice of the peeper,1999,February,,
Veteran's Day rain — / an old man holds an umbrella / above the monument,voice of the peeper,1999,February,,
steady snowfall / reading and re-reading / my daughter's letter,voice of the peeper,1999,February,,
combing my hair / on a cool autumn day / — early frost,voice of the peeper,1999,February,,
alone in Texas / the cold spot / on her side of the bed,voice of the peeper,1999,February,,
harvest moon... / the dog digs up / am old bone,barking mad,2018,,,
dragon fruit / I'm almost afraid / to taste it,fired up,2024,,,
unable to escape / the subway station / of my dreams,inside out,2003,,,